{
  "prepare_queue": {
    "installed": [],
    "uninstalled": []
  },
  "config_munge": {
    "files": {
      "res/xml/config.xml": {
        "parents": {
          "/*": [
            {
              "xml": "<feature name=\"Whitelist\"><param name=\"android-package\" value=\"org.apache.cordova.whitelist.WhitelistPlugin\" /><param name=\"onload\" value=\"true\" /></feature>",
              "count": 1
            },
            {
              "xml": "<feature name=\"CDVOrientation\"><param name=\"android-package\" value=\"cordova.plugins.screenorientation.CDVOrientation\" /></feature>",
              "count": 1
            },
            {
              "xml": "<feature name=\"Device\"><param name=\"android-package\" value=\"org.apache.cordova.device.Device\" /></feature>",
              "count": 1
            },
            {
              "xml": "<feature name=\"AndroidFullScreen\"><param name=\"android-package\" value=\"com.mesmotronic.plugins.FullScreenPlugin\" /></feature>",
              "count": 1
            }
          ]
        }
      }
    }
  },
  "installed_plugins": {
    "cordova-plugin-whitelist": {
      "PACKAGE_NAME": "io.cordova.hellocordova"
    },
    "es6-promise-plugin": {
      "PACKAGE_NAME": "io.cordova.hellocordova"
    },
    "cordova-plugin-screen-orientation": {
      "PACKAGE_NAME": "io.cordova.hellocordova"
    },
    "cordova-plugin-device": {
      "PACKAGE_NAME": "io.cordova.hellocordova"
    },
    "cordova-plugin-fullscreen": {
      "PACKAGE_NAME": "io.cordova.hellocordova"
    }
  },
  "dependent_plugins": {},
  "modules": [
    {
      "id": "es6-promise-plugin.Promise",
      "file": "plugins/es6-promise-plugin/www/promise.js",
      "pluginId": "es6-promise-plugin",
      "runs": true
    },
    {
      "id": "cordova-plugin-screen-orientation.screenorientation",
      "file": "plugins/cordova-plugin-screen-orientation/www/screenorientation.js",
      "pluginId": "cordova-plugin-screen-orientation",
      "clobbers": [
        "cordova.plugins.screenorientation"
      ]
    },
    {
      "id": "cordova-plugin-device.device",
      "file": "plugins/cordova-plugin-device/www/device.js",
      "pluginId": "cordova-plugin-device",
      "clobbers": [
        "device"
      ]
    },
    {
      "id": "cordova-plugin-fullscreen.AndroidFullScreen",
      "file": "plugins/cordova-plugin-fullscreen/www/AndroidFullScreen.js",
      "pluginId": "cordova-plugin-fullscreen",
      "clobbers": [
        "AndroidFullScreen"
      ]
    }
  ],
  "plugin_metadata": {
    "cordova-plugin-whitelist": "1.3.4",
    "es6-promise-plugin": "4.2.2",
    "cordova-plugin-screen-orientation": "3.0.2",
    "cordova-plugin-device": "2.0.3",
    "cordova-plugin-fullscreen": "1.1.0"
  }
}
