﻿{"frames": [

{
	"filename": "Symbol 17 instance 10000",
	"frame": {"x":0,"y":0,"w":101,"h":37},
	"rotated": false,
	"trimmed": false,
	"spriteSourceSize": {"x":0,"y":0,"w":101,"h":37},
	"sourceSize": {"w":101,"h":37}
}
,{
	"filename": "Symbol 17 instance 10001",
	"frame": {"x":0,"y":37,"w":101,"h":37},
	"rotated": false,
	"trimmed": false,
	"spriteSourceSize": {"x":0,"y":0,"w":101,"h":37},
	"sourceSize": {"w":101,"h":37}
}
,{
	"filename": "Symbol 17 instance 10002",
	"frame": {"x":0,"y":74,"w":101,"h":37},
	"rotated": false,
	"trimmed": false,
	"spriteSourceSize": {"x":0,"y":0,"w":101,"h":37},
	"sourceSize": {"w":101,"h":37}
}
,{
	"filename": "Symbol 17 instance 10003",
	"frame": {"x":0,"y":111,"w":101,"h":37},
	"rotated": false,
	"trimmed": false,
	"spriteSourceSize": {"x":0,"y":0,"w":101,"h":37},
	"sourceSize": {"w":101,"h":37}
}
,{
	"filename": "Symbol 17 instance 10004",
	"frame": {"x":0,"y":148,"w":101,"h":37},
	"rotated": false,
	"trimmed": false,
	"spriteSourceSize": {"x":0,"y":0,"w":101,"h":37},
	"sourceSize": {"w":101,"h":37}
}],
"meta": {
	"app": "Adobe Animate",
	"version": "18.0.0.107",
	"image": "05.png",
	"format": "RGBA8888",
	"size": {"w":128,"h":210},
	"scale": "1"
}
}
