﻿{"frames": [

{
	"filename": "Symbol 12 copy instance 10000",
	"frame": {"x":0,"y":0,"w":107,"h":26},
	"rotated": false,
	"trimmed": false,
	"spriteSourceSize": {"x":0,"y":0,"w":107,"h":26},
	"sourceSize": {"w":107,"h":26}
}
,{
	"filename": "Symbol 12 copy instance 10001",
	"frame": {"x":107,"y":0,"w":107,"h":26},
	"rotated": false,
	"trimmed": false,
	"spriteSourceSize": {"x":0,"y":0,"w":107,"h":26},
	"sourceSize": {"w":107,"h":26}
}
,{
	"filename": "Symbol 12 copy instance 10002",
	"frame": {"x":214,"y":0,"w":107,"h":26},
	"rotated": false,
	"trimmed": false,
	"spriteSourceSize": {"x":0,"y":0,"w":107,"h":26},
	"sourceSize": {"w":107,"h":26}
}
,{
	"filename": "Symbol 12 copy instance 10003",
	"frame": {"x":321,"y":0,"w":107,"h":26},
	"rotated": false,
	"trimmed": false,
	"spriteSourceSize": {"x":0,"y":0,"w":107,"h":26},
	"sourceSize": {"w":107,"h":26}
}
,{
	"filename": "Symbol 12 copy instance 10004",
	"frame": {"x":0,"y":26,"w":107,"h":26},
	"rotated": false,
	"trimmed": false,
	"spriteSourceSize": {"x":0,"y":0,"w":107,"h":26},
	"sourceSize": {"w":107,"h":26}
}
,{
	"filename": "Symbol 12 copy instance 10005",
	"frame": {"x":107,"y":26,"w":107,"h":26},
	"rotated": false,
	"trimmed": false,
	"spriteSourceSize": {"x":0,"y":0,"w":107,"h":26},
	"sourceSize": {"w":107,"h":26}
}
,{
	"filename": "Symbol 12 copy instance 10006",
	"frame": {"x":214,"y":26,"w":107,"h":26},
	"rotated": false,
	"trimmed": false,
	"spriteSourceSize": {"x":0,"y":0,"w":107,"h":26},
	"sourceSize": {"w":107,"h":26}
}
,{
	"filename": "Symbol 12 copy instance 10007",
	"frame": {"x":321,"y":26,"w":107,"h":26},
	"rotated": false,
	"trimmed": false,
	"spriteSourceSize": {"x":0,"y":0,"w":107,"h":26},
	"sourceSize": {"w":107,"h":26}
}
,{
	"filename": "Symbol 12 copy instance 10008",
	"frame": {"x":0,"y":52,"w":107,"h":26},
	"rotated": false,
	"trimmed": false,
	"spriteSourceSize": {"x":0,"y":0,"w":107,"h":26},
	"sourceSize": {"w":107,"h":26}
}
,{
	"filename": "Symbol 12 copy instance 10009",
	"frame": {"x":107,"y":52,"w":107,"h":26},
	"rotated": false,
	"trimmed": false,
	"spriteSourceSize": {"x":0,"y":0,"w":107,"h":26},
	"sourceSize": {"w":107,"h":26}
}
,{
	"filename": "Symbol 12 copy instance 10010",
	"frame": {"x":214,"y":52,"w":107,"h":26},
	"rotated": false,
	"trimmed": false,
	"spriteSourceSize": {"x":0,"y":0,"w":107,"h":26},
	"sourceSize": {"w":107,"h":26}
}
,{
	"filename": "Symbol 12 copy instance 10011",
	"frame": {"x":321,"y":52,"w":107,"h":26},
	"rotated": false,
	"trimmed": false,
	"spriteSourceSize": {"x":0,"y":0,"w":107,"h":26},
	"sourceSize": {"w":107,"h":26}
}
,{
	"filename": "Symbol 12 copy instance 10012",
	"frame": {"x":0,"y":78,"w":107,"h":26},
	"rotated": false,
	"trimmed": false,
	"spriteSourceSize": {"x":0,"y":0,"w":107,"h":26},
	"sourceSize": {"w":107,"h":26}
}
,{
	"filename": "Symbol 12 copy instance 10013",
	"frame": {"x":107,"y":78,"w":107,"h":26},
	"rotated": false,
	"trimmed": false,
	"spriteSourceSize": {"x":0,"y":0,"w":107,"h":26},
	"sourceSize": {"w":107,"h":26}
}
,{
	"filename": "Symbol 12 copy instance 10014",
	"frame": {"x":214,"y":78,"w":107,"h":26},
	"rotated": false,
	"trimmed": false,
	"spriteSourceSize": {"x":0,"y":0,"w":107,"h":26},
	"sourceSize": {"w":107,"h":26}
}
,{
	"filename": "Symbol 12 copy instance 10015",
	"frame": {"x":321,"y":78,"w":107,"h":26},
	"rotated": false,
	"trimmed": false,
	"spriteSourceSize": {"x":0,"y":0,"w":107,"h":26},
	"sourceSize": {"w":107,"h":26}
}
,{
	"filename": "Symbol 12 copy instance 10016",
	"frame": {"x":0,"y":104,"w":107,"h":26},
	"rotated": false,
	"trimmed": false,
	"spriteSourceSize": {"x":0,"y":0,"w":107,"h":26},
	"sourceSize": {"w":107,"h":26}
}
,{
	"filename": "Symbol 12 copy instance 10017",
	"frame": {"x":107,"y":104,"w":107,"h":26},
	"rotated": false,
	"trimmed": false,
	"spriteSourceSize": {"x":0,"y":0,"w":107,"h":26},
	"sourceSize": {"w":107,"h":26}
}
,{
	"filename": "Symbol 12 copy instance 10018",
	"frame": {"x":214,"y":104,"w":107,"h":26},
	"rotated": false,
	"trimmed": false,
	"spriteSourceSize": {"x":0,"y":0,"w":107,"h":26},
	"sourceSize": {"w":107,"h":26}
}
,{
	"filename": "Symbol 12 copy instance 10019",
	"frame": {"x":321,"y":104,"w":107,"h":26},
	"rotated": false,
	"trimmed": false,
	"spriteSourceSize": {"x":0,"y":0,"w":107,"h":26},
	"sourceSize": {"w":107,"h":26}
}
,{
	"filename": "Symbol 12 copy instance 10020",
	"frame": {"x":0,"y":130,"w":107,"h":26},
	"rotated": false,
	"trimmed": false,
	"spriteSourceSize": {"x":0,"y":0,"w":107,"h":26},
	"sourceSize": {"w":107,"h":26}
}
,{
	"filename": "Symbol 12 copy instance 10021",
	"frame": {"x":107,"y":130,"w":107,"h":26},
	"rotated": false,
	"trimmed": false,
	"spriteSourceSize": {"x":0,"y":0,"w":107,"h":26},
	"sourceSize": {"w":107,"h":26}
}
,{
	"filename": "Symbol 12 copy instance 10022",
	"frame": {"x":214,"y":130,"w":107,"h":26},
	"rotated": false,
	"trimmed": false,
	"spriteSourceSize": {"x":0,"y":0,"w":107,"h":26},
	"sourceSize": {"w":107,"h":26}
}
,{
	"filename": "Symbol 12 copy instance 10023",
	"frame": {"x":321,"y":130,"w":107,"h":26},
	"rotated": false,
	"trimmed": false,
	"spriteSourceSize": {"x":0,"y":0,"w":107,"h":26},
	"sourceSize": {"w":107,"h":26}
}
,{
	"filename": "Symbol 12 copy instance 10024",
	"frame": {"x":0,"y":156,"w":107,"h":26},
	"rotated": false,
	"trimmed": false,
	"spriteSourceSize": {"x":0,"y":0,"w":107,"h":26},
	"sourceSize": {"w":107,"h":26}
}
,{
	"filename": "Symbol 12 copy instance 10025",
	"frame": {"x":107,"y":156,"w":107,"h":26},
	"rotated": false,
	"trimmed": false,
	"spriteSourceSize": {"x":0,"y":0,"w":107,"h":26},
	"sourceSize": {"w":107,"h":26}
}
,{
	"filename": "Symbol 12 copy instance 10026",
	"frame": {"x":214,"y":156,"w":107,"h":26},
	"rotated": false,
	"trimmed": false,
	"spriteSourceSize": {"x":0,"y":0,"w":107,"h":26},
	"sourceSize": {"w":107,"h":26}
}
,{
	"filename": "Symbol 12 copy instance 10027",
	"frame": {"x":321,"y":156,"w":107,"h":26},
	"rotated": false,
	"trimmed": false,
	"spriteSourceSize": {"x":0,"y":0,"w":107,"h":26},
	"sourceSize": {"w":107,"h":26}
}
,{
	"filename": "Symbol 12 copy instance 10028",
	"frame": {"x":0,"y":182,"w":107,"h":26},
	"rotated": false,
	"trimmed": false,
	"spriteSourceSize": {"x":0,"y":0,"w":107,"h":26},
	"sourceSize": {"w":107,"h":26}
}
,{
	"filename": "Symbol 12 copy instance 10029",
	"frame": {"x":107,"y":182,"w":107,"h":26},
	"rotated": false,
	"trimmed": false,
	"spriteSourceSize": {"x":0,"y":0,"w":107,"h":26},
	"sourceSize": {"w":107,"h":26}
}
,{
	"filename": "Symbol 12 copy instance 10030",
	"frame": {"x":214,"y":182,"w":107,"h":26},
	"rotated": false,
	"trimmed": false,
	"spriteSourceSize": {"x":0,"y":0,"w":107,"h":26},
	"sourceSize": {"w":107,"h":26}
}
,{
	"filename": "Symbol 12 copy instance 10031",
	"frame": {"x":321,"y":182,"w":107,"h":26},
	"rotated": false,
	"trimmed": false,
	"spriteSourceSize": {"x":0,"y":0,"w":107,"h":26},
	"sourceSize": {"w":107,"h":26}
}
,{
	"filename": "Symbol 12 copy instance 10032",
	"frame": {"x":0,"y":208,"w":107,"h":26},
	"rotated": false,
	"trimmed": false,
	"spriteSourceSize": {"x":0,"y":0,"w":107,"h":26},
	"sourceSize": {"w":107,"h":26}
}
,{
	"filename": "Symbol 12 copy instance 10033",
	"frame": {"x":107,"y":208,"w":107,"h":26},
	"rotated": false,
	"trimmed": false,
	"spriteSourceSize": {"x":0,"y":0,"w":107,"h":26},
	"sourceSize": {"w":107,"h":26}
}
,{
	"filename": "Symbol 12 copy instance 10034",
	"frame": {"x":214,"y":208,"w":107,"h":26},
	"rotated": false,
	"trimmed": false,
	"spriteSourceSize": {"x":0,"y":0,"w":107,"h":26},
	"sourceSize": {"w":107,"h":26}
}
,{
	"filename": "Symbol 12 copy instance 10035",
	"frame": {"x":321,"y":208,"w":107,"h":26},
	"rotated": false,
	"trimmed": false,
	"spriteSourceSize": {"x":0,"y":0,"w":107,"h":26},
	"sourceSize": {"w":107,"h":26}
}
,{
	"filename": "Symbol 12 copy instance 10036",
	"frame": {"x":0,"y":234,"w":107,"h":26},
	"rotated": false,
	"trimmed": false,
	"spriteSourceSize": {"x":0,"y":0,"w":107,"h":26},
	"sourceSize": {"w":107,"h":26}
}
,{
	"filename": "Symbol 12 copy instance 10037",
	"frame": {"x":107,"y":234,"w":107,"h":26},
	"rotated": false,
	"trimmed": false,
	"spriteSourceSize": {"x":0,"y":0,"w":107,"h":26},
	"sourceSize": {"w":107,"h":26}
}
,{
	"filename": "Symbol 12 copy instance 10038",
	"frame": {"x":214,"y":234,"w":107,"h":26},
	"rotated": false,
	"trimmed": false,
	"spriteSourceSize": {"x":0,"y":0,"w":107,"h":26},
	"sourceSize": {"w":107,"h":26}
}
,{
	"filename": "Symbol 12 copy instance 10039",
	"frame": {"x":321,"y":234,"w":107,"h":26},
	"rotated": false,
	"trimmed": false,
	"spriteSourceSize": {"x":0,"y":0,"w":107,"h":26},
	"sourceSize": {"w":107,"h":26}
}
,{
	"filename": "Symbol 12 copy instance 10040",
	"frame": {"x":0,"y":260,"w":107,"h":26},
	"rotated": false,
	"trimmed": false,
	"spriteSourceSize": {"x":0,"y":0,"w":107,"h":26},
	"sourceSize": {"w":107,"h":26}
}
,{
	"filename": "Symbol 12 copy instance 10041",
	"frame": {"x":107,"y":260,"w":107,"h":26},
	"rotated": false,
	"trimmed": false,
	"spriteSourceSize": {"x":0,"y":0,"w":107,"h":26},
	"sourceSize": {"w":107,"h":26}
}
,{
	"filename": "Symbol 12 copy instance 10042",
	"frame": {"x":214,"y":260,"w":107,"h":26},
	"rotated": false,
	"trimmed": false,
	"spriteSourceSize": {"x":0,"y":0,"w":107,"h":26},
	"sourceSize": {"w":107,"h":26}
}
,{
	"filename": "Symbol 12 copy instance 10043",
	"frame": {"x":321,"y":260,"w":107,"h":26},
	"rotated": false,
	"trimmed": false,
	"spriteSourceSize": {"x":0,"y":0,"w":107,"h":26},
	"sourceSize": {"w":107,"h":26}
}
,{
	"filename": "Symbol 12 copy instance 10044",
	"frame": {"x":0,"y":286,"w":107,"h":26},
	"rotated": false,
	"trimmed": false,
	"spriteSourceSize": {"x":0,"y":0,"w":107,"h":26},
	"sourceSize": {"w":107,"h":26}
}
,{
	"filename": "Symbol 12 copy instance 10045",
	"frame": {"x":107,"y":286,"w":107,"h":26},
	"rotated": false,
	"trimmed": false,
	"spriteSourceSize": {"x":0,"y":0,"w":107,"h":26},
	"sourceSize": {"w":107,"h":26}
}
,{
	"filename": "Symbol 12 copy instance 10046",
	"frame": {"x":214,"y":286,"w":107,"h":26},
	"rotated": false,
	"trimmed": false,
	"spriteSourceSize": {"x":0,"y":0,"w":107,"h":26},
	"sourceSize": {"w":107,"h":26}
}
,{
	"filename": "Symbol 12 copy instance 10047",
	"frame": {"x":321,"y":286,"w":107,"h":26},
	"rotated": false,
	"trimmed": false,
	"spriteSourceSize": {"x":0,"y":0,"w":107,"h":26},
	"sourceSize": {"w":107,"h":26}
}
,{
	"filename": "Symbol 12 copy instance 10048",
	"frame": {"x":0,"y":312,"w":107,"h":26},
	"rotated": false,
	"trimmed": false,
	"spriteSourceSize": {"x":0,"y":0,"w":107,"h":26},
	"sourceSize": {"w":107,"h":26}
}
,{
	"filename": "Symbol 12 copy instance 10049",
	"frame": {"x":107,"y":312,"w":107,"h":26},
	"rotated": false,
	"trimmed": false,
	"spriteSourceSize": {"x":0,"y":0,"w":107,"h":26},
	"sourceSize": {"w":107,"h":26}
}
,{
	"filename": "Symbol 12 copy instance 10050",
	"frame": {"x":214,"y":312,"w":107,"h":26},
	"rotated": false,
	"trimmed": false,
	"spriteSourceSize": {"x":0,"y":0,"w":107,"h":26},
	"sourceSize": {"w":107,"h":26}
}
,{
	"filename": "Symbol 12 copy instance 10051",
	"frame": {"x":321,"y":312,"w":107,"h":26},
	"rotated": false,
	"trimmed": false,
	"spriteSourceSize": {"x":0,"y":0,"w":107,"h":26},
	"sourceSize": {"w":107,"h":26}
}
,{
	"filename": "Symbol 12 copy instance 10052",
	"frame": {"x":0,"y":338,"w":107,"h":26},
	"rotated": false,
	"trimmed": false,
	"spriteSourceSize": {"x":0,"y":0,"w":107,"h":26},
	"sourceSize": {"w":107,"h":26}
}
,{
	"filename": "Symbol 12 copy instance 10053",
	"frame": {"x":107,"y":338,"w":107,"h":26},
	"rotated": false,
	"trimmed": false,
	"spriteSourceSize": {"x":0,"y":0,"w":107,"h":26},
	"sourceSize": {"w":107,"h":26}
}
,{
	"filename": "Symbol 12 copy instance 10054",
	"frame": {"x":214,"y":338,"w":107,"h":26},
	"rotated": false,
	"trimmed": false,
	"spriteSourceSize": {"x":0,"y":0,"w":107,"h":26},
	"sourceSize": {"w":107,"h":26}
}
,{
	"filename": "Symbol 12 copy instance 10055",
	"frame": {"x":321,"y":338,"w":107,"h":26},
	"rotated": false,
	"trimmed": false,
	"spriteSourceSize": {"x":0,"y":0,"w":107,"h":26},
	"sourceSize": {"w":107,"h":26}
}
,{
	"filename": "Symbol 12 copy instance 10056",
	"frame": {"x":0,"y":364,"w":107,"h":26},
	"rotated": false,
	"trimmed": false,
	"spriteSourceSize": {"x":0,"y":0,"w":107,"h":26},
	"sourceSize": {"w":107,"h":26}
}
,{
	"filename": "Symbol 12 copy instance 10057",
	"frame": {"x":107,"y":364,"w":107,"h":26},
	"rotated": false,
	"trimmed": false,
	"spriteSourceSize": {"x":0,"y":0,"w":107,"h":26},
	"sourceSize": {"w":107,"h":26}
}
,{
	"filename": "Symbol 12 copy instance 10058",
	"frame": {"x":214,"y":364,"w":107,"h":26},
	"rotated": false,
	"trimmed": false,
	"spriteSourceSize": {"x":0,"y":0,"w":107,"h":26},
	"sourceSize": {"w":107,"h":26}
}
,{
	"filename": "Symbol 12 copy instance 10059",
	"frame": {"x":321,"y":364,"w":107,"h":26},
	"rotated": false,
	"trimmed": false,
	"spriteSourceSize": {"x":0,"y":0,"w":107,"h":26},
	"sourceSize": {"w":107,"h":26}
}],
"meta": {
	"app": "Adobe Animate",
	"version": "18.0.0.107",
	"image": "y1.png",
	"format": "RGBA8888",
	"size": {"w":512,"h":512},
	"scale": "1"
}
}
