﻿{"frames": [

{
	"filename": "Symbol 12 copy 4 instance 10000",
	"frame": {"x":0,"y":0,"w":156,"h":37},
	"rotated": false,
	"trimmed": false,
	"spriteSourceSize": {"x":0,"y":0,"w":156,"h":37},
	"sourceSize": {"w":156,"h":37}
}
,{
	"filename": "Symbol 12 copy 4 instance 10001",
	"frame": {"x":156,"y":0,"w":156,"h":37},
	"rotated": false,
	"trimmed": false,
	"spriteSourceSize": {"x":0,"y":0,"w":156,"h":37},
	"sourceSize": {"w":156,"h":37}
}
,{
	"filename": "Symbol 12 copy 4 instance 10002",
	"frame": {"x":312,"y":0,"w":156,"h":37},
	"rotated": false,
	"trimmed": false,
	"spriteSourceSize": {"x":0,"y":0,"w":156,"h":37},
	"sourceSize": {"w":156,"h":37}
}
,{
	"filename": "Symbol 12 copy 4 instance 10003",
	"frame": {"x":0,"y":37,"w":156,"h":37},
	"rotated": false,
	"trimmed": false,
	"spriteSourceSize": {"x":0,"y":0,"w":156,"h":37},
	"sourceSize": {"w":156,"h":37}
}
,{
	"filename": "Symbol 12 copy 4 instance 10004",
	"frame": {"x":156,"y":37,"w":156,"h":37},
	"rotated": false,
	"trimmed": false,
	"spriteSourceSize": {"x":0,"y":0,"w":156,"h":37},
	"sourceSize": {"w":156,"h":37}
}
,{
	"filename": "Symbol 12 copy 4 instance 10005",
	"frame": {"x":312,"y":37,"w":156,"h":37},
	"rotated": false,
	"trimmed": false,
	"spriteSourceSize": {"x":0,"y":0,"w":156,"h":37},
	"sourceSize": {"w":156,"h":37}
}
,{
	"filename": "Symbol 12 copy 4 instance 10006",
	"frame": {"x":0,"y":74,"w":156,"h":37},
	"rotated": false,
	"trimmed": false,
	"spriteSourceSize": {"x":0,"y":0,"w":156,"h":37},
	"sourceSize": {"w":156,"h":37}
}
,{
	"filename": "Symbol 12 copy 4 instance 10007",
	"frame": {"x":156,"y":74,"w":156,"h":37},
	"rotated": false,
	"trimmed": false,
	"spriteSourceSize": {"x":0,"y":0,"w":156,"h":37},
	"sourceSize": {"w":156,"h":37}
}
,{
	"filename": "Symbol 12 copy 4 instance 10008",
	"frame": {"x":312,"y":74,"w":156,"h":37},
	"rotated": false,
	"trimmed": false,
	"spriteSourceSize": {"x":0,"y":0,"w":156,"h":37},
	"sourceSize": {"w":156,"h":37}
}
,{
	"filename": "Symbol 12 copy 4 instance 10009",
	"frame": {"x":0,"y":111,"w":156,"h":37},
	"rotated": false,
	"trimmed": false,
	"spriteSourceSize": {"x":0,"y":0,"w":156,"h":37},
	"sourceSize": {"w":156,"h":37}
}
,{
	"filename": "Symbol 12 copy 4 instance 10010",
	"frame": {"x":156,"y":111,"w":156,"h":37},
	"rotated": false,
	"trimmed": false,
	"spriteSourceSize": {"x":0,"y":0,"w":156,"h":37},
	"sourceSize": {"w":156,"h":37}
}
,{
	"filename": "Symbol 12 copy 4 instance 10011",
	"frame": {"x":312,"y":111,"w":156,"h":37},
	"rotated": false,
	"trimmed": false,
	"spriteSourceSize": {"x":0,"y":0,"w":156,"h":37},
	"sourceSize": {"w":156,"h":37}
}
,{
	"filename": "Symbol 12 copy 4 instance 10012",
	"frame": {"x":0,"y":148,"w":156,"h":37},
	"rotated": false,
	"trimmed": false,
	"spriteSourceSize": {"x":0,"y":0,"w":156,"h":37},
	"sourceSize": {"w":156,"h":37}
}
,{
	"filename": "Symbol 12 copy 4 instance 10013",
	"frame": {"x":156,"y":148,"w":156,"h":37},
	"rotated": false,
	"trimmed": false,
	"spriteSourceSize": {"x":0,"y":0,"w":156,"h":37},
	"sourceSize": {"w":156,"h":37}
}
,{
	"filename": "Symbol 12 copy 4 instance 10014",
	"frame": {"x":312,"y":148,"w":156,"h":37},
	"rotated": false,
	"trimmed": false,
	"spriteSourceSize": {"x":0,"y":0,"w":156,"h":37},
	"sourceSize": {"w":156,"h":37}
}
,{
	"filename": "Symbol 12 copy 4 instance 10015",
	"frame": {"x":0,"y":185,"w":156,"h":37},
	"rotated": false,
	"trimmed": false,
	"spriteSourceSize": {"x":0,"y":0,"w":156,"h":37},
	"sourceSize": {"w":156,"h":37}
}
,{
	"filename": "Symbol 12 copy 4 instance 10016",
	"frame": {"x":156,"y":185,"w":156,"h":37},
	"rotated": false,
	"trimmed": false,
	"spriteSourceSize": {"x":0,"y":0,"w":156,"h":37},
	"sourceSize": {"w":156,"h":37}
}
,{
	"filename": "Symbol 12 copy 4 instance 10017",
	"frame": {"x":312,"y":185,"w":156,"h":37},
	"rotated": false,
	"trimmed": false,
	"spriteSourceSize": {"x":0,"y":0,"w":156,"h":37},
	"sourceSize": {"w":156,"h":37}
}
,{
	"filename": "Symbol 12 copy 4 instance 10018",
	"frame": {"x":0,"y":222,"w":156,"h":37},
	"rotated": false,
	"trimmed": false,
	"spriteSourceSize": {"x":0,"y":0,"w":156,"h":37},
	"sourceSize": {"w":156,"h":37}
}
,{
	"filename": "Symbol 12 copy 4 instance 10019",
	"frame": {"x":156,"y":222,"w":156,"h":37},
	"rotated": false,
	"trimmed": false,
	"spriteSourceSize": {"x":0,"y":0,"w":156,"h":37},
	"sourceSize": {"w":156,"h":37}
}
,{
	"filename": "Symbol 12 copy 4 instance 10020",
	"frame": {"x":312,"y":222,"w":156,"h":37},
	"rotated": false,
	"trimmed": false,
	"spriteSourceSize": {"x":0,"y":0,"w":156,"h":37},
	"sourceSize": {"w":156,"h":37}
}
,{
	"filename": "Symbol 12 copy 4 instance 10021",
	"frame": {"x":0,"y":259,"w":156,"h":37},
	"rotated": false,
	"trimmed": false,
	"spriteSourceSize": {"x":0,"y":0,"w":156,"h":37},
	"sourceSize": {"w":156,"h":37}
}
,{
	"filename": "Symbol 12 copy 4 instance 10022",
	"frame": {"x":156,"y":259,"w":156,"h":37},
	"rotated": false,
	"trimmed": false,
	"spriteSourceSize": {"x":0,"y":0,"w":156,"h":37},
	"sourceSize": {"w":156,"h":37}
}
,{
	"filename": "Symbol 12 copy 4 instance 10023",
	"frame": {"x":312,"y":259,"w":156,"h":37},
	"rotated": false,
	"trimmed": false,
	"spriteSourceSize": {"x":0,"y":0,"w":156,"h":37},
	"sourceSize": {"w":156,"h":37}
}
,{
	"filename": "Symbol 12 copy 4 instance 10024",
	"frame": {"x":0,"y":296,"w":156,"h":37},
	"rotated": false,
	"trimmed": false,
	"spriteSourceSize": {"x":0,"y":0,"w":156,"h":37},
	"sourceSize": {"w":156,"h":37}
}
,{
	"filename": "Symbol 12 copy 4 instance 10025",
	"frame": {"x":156,"y":296,"w":156,"h":37},
	"rotated": false,
	"trimmed": false,
	"spriteSourceSize": {"x":0,"y":0,"w":156,"h":37},
	"sourceSize": {"w":156,"h":37}
}
,{
	"filename": "Symbol 12 copy 4 instance 10026",
	"frame": {"x":312,"y":296,"w":156,"h":37},
	"rotated": false,
	"trimmed": false,
	"spriteSourceSize": {"x":0,"y":0,"w":156,"h":37},
	"sourceSize": {"w":156,"h":37}
}
,{
	"filename": "Symbol 12 copy 4 instance 10027",
	"frame": {"x":0,"y":333,"w":156,"h":37},
	"rotated": false,
	"trimmed": false,
	"spriteSourceSize": {"x":0,"y":0,"w":156,"h":37},
	"sourceSize": {"w":156,"h":37}
}
,{
	"filename": "Symbol 12 copy 4 instance 10028",
	"frame": {"x":156,"y":333,"w":156,"h":37},
	"rotated": false,
	"trimmed": false,
	"spriteSourceSize": {"x":0,"y":0,"w":156,"h":37},
	"sourceSize": {"w":156,"h":37}
}
,{
	"filename": "Symbol 12 copy 4 instance 10029",
	"frame": {"x":312,"y":333,"w":156,"h":37},
	"rotated": false,
	"trimmed": false,
	"spriteSourceSize": {"x":0,"y":0,"w":156,"h":37},
	"sourceSize": {"w":156,"h":37}
}
,{
	"filename": "Symbol 12 copy 4 instance 10030",
	"frame": {"x":0,"y":370,"w":156,"h":37},
	"rotated": false,
	"trimmed": false,
	"spriteSourceSize": {"x":0,"y":0,"w":156,"h":37},
	"sourceSize": {"w":156,"h":37}
}
,{
	"filename": "Symbol 12 copy 4 instance 10031",
	"frame": {"x":156,"y":370,"w":156,"h":37},
	"rotated": false,
	"trimmed": false,
	"spriteSourceSize": {"x":0,"y":0,"w":156,"h":37},
	"sourceSize": {"w":156,"h":37}
}
,{
	"filename": "Symbol 12 copy 4 instance 10032",
	"frame": {"x":312,"y":370,"w":156,"h":37},
	"rotated": false,
	"trimmed": false,
	"spriteSourceSize": {"x":0,"y":0,"w":156,"h":37},
	"sourceSize": {"w":156,"h":37}
}
,{
	"filename": "Symbol 12 copy 4 instance 10033",
	"frame": {"x":0,"y":407,"w":156,"h":37},
	"rotated": false,
	"trimmed": false,
	"spriteSourceSize": {"x":0,"y":0,"w":156,"h":37},
	"sourceSize": {"w":156,"h":37}
}
,{
	"filename": "Symbol 12 copy 4 instance 10034",
	"frame": {"x":156,"y":407,"w":156,"h":37},
	"rotated": false,
	"trimmed": false,
	"spriteSourceSize": {"x":0,"y":0,"w":156,"h":37},
	"sourceSize": {"w":156,"h":37}
}
,{
	"filename": "Symbol 12 copy 4 instance 10035",
	"frame": {"x":312,"y":407,"w":156,"h":37},
	"rotated": false,
	"trimmed": false,
	"spriteSourceSize": {"x":0,"y":0,"w":156,"h":37},
	"sourceSize": {"w":156,"h":37}
}
,{
	"filename": "Symbol 12 copy 4 instance 10036",
	"frame": {"x":0,"y":444,"w":156,"h":37},
	"rotated": false,
	"trimmed": false,
	"spriteSourceSize": {"x":0,"y":0,"w":156,"h":37},
	"sourceSize": {"w":156,"h":37}
}
,{
	"filename": "Symbol 12 copy 4 instance 10037",
	"frame": {"x":156,"y":444,"w":156,"h":37},
	"rotated": false,
	"trimmed": false,
	"spriteSourceSize": {"x":0,"y":0,"w":156,"h":37},
	"sourceSize": {"w":156,"h":37}
}
,{
	"filename": "Symbol 12 copy 4 instance 10038",
	"frame": {"x":312,"y":444,"w":156,"h":37},
	"rotated": false,
	"trimmed": false,
	"spriteSourceSize": {"x":0,"y":0,"w":156,"h":37},
	"sourceSize": {"w":156,"h":37}
}
,{
	"filename": "Symbol 12 copy 4 instance 10039",
	"frame": {"x":0,"y":481,"w":156,"h":37},
	"rotated": false,
	"trimmed": false,
	"spriteSourceSize": {"x":0,"y":0,"w":156,"h":37},
	"sourceSize": {"w":156,"h":37}
}
,{
	"filename": "Symbol 12 copy 4 instance 10040",
	"frame": {"x":156,"y":481,"w":156,"h":37},
	"rotated": false,
	"trimmed": false,
	"spriteSourceSize": {"x":0,"y":0,"w":156,"h":37},
	"sourceSize": {"w":156,"h":37}
}
,{
	"filename": "Symbol 12 copy 4 instance 10041",
	"frame": {"x":312,"y":481,"w":156,"h":37},
	"rotated": false,
	"trimmed": false,
	"spriteSourceSize": {"x":0,"y":0,"w":156,"h":37},
	"sourceSize": {"w":156,"h":37}
}
,{
	"filename": "Symbol 12 copy 4 instance 10042",
	"frame": {"x":0,"y":518,"w":156,"h":37},
	"rotated": false,
	"trimmed": false,
	"spriteSourceSize": {"x":0,"y":0,"w":156,"h":37},
	"sourceSize": {"w":156,"h":37}
}
,{
	"filename": "Symbol 12 copy 4 instance 10043",
	"frame": {"x":156,"y":518,"w":156,"h":37},
	"rotated": false,
	"trimmed": false,
	"spriteSourceSize": {"x":0,"y":0,"w":156,"h":37},
	"sourceSize": {"w":156,"h":37}
}
,{
	"filename": "Symbol 12 copy 4 instance 10044",
	"frame": {"x":312,"y":518,"w":156,"h":37},
	"rotated": false,
	"trimmed": false,
	"spriteSourceSize": {"x":0,"y":0,"w":156,"h":37},
	"sourceSize": {"w":156,"h":37}
}
,{
	"filename": "Symbol 12 copy 4 instance 10045",
	"frame": {"x":0,"y":555,"w":156,"h":37},
	"rotated": false,
	"trimmed": false,
	"spriteSourceSize": {"x":0,"y":0,"w":156,"h":37},
	"sourceSize": {"w":156,"h":37}
}
,{
	"filename": "Symbol 12 copy 4 instance 10046",
	"frame": {"x":156,"y":555,"w":156,"h":37},
	"rotated": false,
	"trimmed": false,
	"spriteSourceSize": {"x":0,"y":0,"w":156,"h":37},
	"sourceSize": {"w":156,"h":37}
}
,{
	"filename": "Symbol 12 copy 4 instance 10047",
	"frame": {"x":312,"y":555,"w":156,"h":37},
	"rotated": false,
	"trimmed": false,
	"spriteSourceSize": {"x":0,"y":0,"w":156,"h":37},
	"sourceSize": {"w":156,"h":37}
}
,{
	"filename": "Symbol 12 copy 4 instance 10048",
	"frame": {"x":0,"y":592,"w":156,"h":37},
	"rotated": false,
	"trimmed": false,
	"spriteSourceSize": {"x":0,"y":0,"w":156,"h":37},
	"sourceSize": {"w":156,"h":37}
}
,{
	"filename": "Symbol 12 copy 4 instance 10049",
	"frame": {"x":156,"y":592,"w":156,"h":37},
	"rotated": false,
	"trimmed": false,
	"spriteSourceSize": {"x":0,"y":0,"w":156,"h":37},
	"sourceSize": {"w":156,"h":37}
}
,{
	"filename": "Symbol 12 copy 4 instance 10050",
	"frame": {"x":312,"y":592,"w":156,"h":37},
	"rotated": false,
	"trimmed": false,
	"spriteSourceSize": {"x":0,"y":0,"w":156,"h":37},
	"sourceSize": {"w":156,"h":37}
}
,{
	"filename": "Symbol 12 copy 4 instance 10051",
	"frame": {"x":0,"y":629,"w":156,"h":37},
	"rotated": false,
	"trimmed": false,
	"spriteSourceSize": {"x":0,"y":0,"w":156,"h":37},
	"sourceSize": {"w":156,"h":37}
}
,{
	"filename": "Symbol 12 copy 4 instance 10052",
	"frame": {"x":156,"y":629,"w":156,"h":37},
	"rotated": false,
	"trimmed": false,
	"spriteSourceSize": {"x":0,"y":0,"w":156,"h":37},
	"sourceSize": {"w":156,"h":37}
}
,{
	"filename": "Symbol 12 copy 4 instance 10053",
	"frame": {"x":312,"y":629,"w":156,"h":37},
	"rotated": false,
	"trimmed": false,
	"spriteSourceSize": {"x":0,"y":0,"w":156,"h":37},
	"sourceSize": {"w":156,"h":37}
}
,{
	"filename": "Symbol 12 copy 4 instance 10054",
	"frame": {"x":0,"y":666,"w":156,"h":37},
	"rotated": false,
	"trimmed": false,
	"spriteSourceSize": {"x":0,"y":0,"w":156,"h":37},
	"sourceSize": {"w":156,"h":37}
}
,{
	"filename": "Symbol 12 copy 4 instance 10055",
	"frame": {"x":156,"y":666,"w":156,"h":37},
	"rotated": false,
	"trimmed": false,
	"spriteSourceSize": {"x":0,"y":0,"w":156,"h":37},
	"sourceSize": {"w":156,"h":37}
}
,{
	"filename": "Symbol 12 copy 4 instance 10056",
	"frame": {"x":312,"y":666,"w":156,"h":37},
	"rotated": false,
	"trimmed": false,
	"spriteSourceSize": {"x":0,"y":0,"w":156,"h":37},
	"sourceSize": {"w":156,"h":37}
}
,{
	"filename": "Symbol 12 copy 4 instance 10057",
	"frame": {"x":0,"y":703,"w":156,"h":37},
	"rotated": false,
	"trimmed": false,
	"spriteSourceSize": {"x":0,"y":0,"w":156,"h":37},
	"sourceSize": {"w":156,"h":37}
}
,{
	"filename": "Symbol 12 copy 4 instance 10058",
	"frame": {"x":156,"y":703,"w":156,"h":37},
	"rotated": false,
	"trimmed": false,
	"spriteSourceSize": {"x":0,"y":0,"w":156,"h":37},
	"sourceSize": {"w":156,"h":37}
}
,{
	"filename": "Symbol 12 copy 4 instance 10059",
	"frame": {"x":312,"y":703,"w":156,"h":37},
	"rotated": false,
	"trimmed": false,
	"spriteSourceSize": {"x":0,"y":0,"w":156,"h":37},
	"sourceSize": {"w":156,"h":37}
}],
"meta": {
	"app": "Adobe Animate",
	"version": "18.0.0.107",
	"image": "y2.png",
	"format": "RGBA8888",
	"size": {"w":512,"h":1024},
	"scale": "1"
}
}
