﻿{"frames": [

{
	"filename": "Symbol 23 instance 10000",
	"frame": {"x":0,"y":0,"w":223,"h":209},
	"rotated": false,
	"trimmed": false,
	"spriteSourceSize": {"x":0,"y":0,"w":223,"h":209},
	"sourceSize": {"w":223,"h":209}
}
,{
	"filename": "Symbol 23 instance 10001",
	"frame": {"x":0,"y":209,"w":223,"h":209},
	"rotated": false,
	"trimmed": false,
	"spriteSourceSize": {"x":0,"y":0,"w":223,"h":209},
	"sourceSize": {"w":223,"h":209}
}],
"meta": {
	"app": "Adobe Animate",
	"version": "19.2.1.408",
	"image": "6.png",
	"format": "RGBA8888",
	"size": {"w":256,"h":512},
	"scale": "1"
}
}
